name,jxsi,psc,pp,catsp,cs,cup,pop
Abella de la Conca,57,11,5,3,9,18,170
Abrera,1685,1275,619,938,1771,453,12125
Àger,271,14,25,10,18,45,594
Agramunt,1940,161,185,104,252,152,5515
Aguilar de Segarra,121,0,4,5,4,18,251
Agullana,298,26,15,16,31,80,826
Aiguafreda,1048,108,84,83,82,159,2498
Aiguamúrcia,299,50,31,32,66,57,909
Aiguaviva,341,15,15,16,47,43,783
Aitona,794,58,177,22,61,47,2415
"Alamús, els",329,23,23,19,39,21,769
Alàs i Cerc,139,20,8,6,8,21,356
"Albagés, l'",142,35,21,13,29,21,419
Albanyà,55,6,1,2,0,21,155
Albatàrrec,592,83,66,59,181,87,2139
Albesa,651,42,92,17,63,70,1608
"Albi, l'",322,16,50,18,37,59,834
Albinyana,424,285,136,110,292,58,2335
"Albiol, l'",112,22,21,24,46,27,458
Albons,293,21,10,16,36,59,727
Alcanar,2584,458,466,205,376,417,9637
Alcanó,117,1,2,6,6,18,242
Alcarràs,2270,268,293,154,461,233,9252
Alcoletge,870,158,91,92,272,96,3270
Alcover,1422,251,160,136,486,254,5131
"Aldea, l'",1184,227,193,75,162,90,4376
Aldover,263,66,62,28,21,49,940
"Aleixar, l'",297,27,37,18,40,75,891
Alella,3149,382,481,264,852,469,9651
Alfara de Carles,88,37,34,5,17,12,395
Alfarràs,654,337,138,54,166,111,3003
Alfés,162,8,8,4,5,22,315
Alforja,593,82,49,76,120,118,1859
Algerri,198,3,23,13,11,22,423
Alguaire,1062,138,91,42,57,118,3093
Alins,142,6,5,5,2,25,286
Alió,168,26,19,15,13,27,432
Almacelles,1462,343,303,221,497,233,6699
Almatret,170,6,26,6,8,15,333
Almenar,1149,153,100,57,135,185,3547
Almoster,586,35,46,27,117,101,1396
Alòs de Balaguer,80,0,1,3,1,6,126
Alp,610,52,25,12,91,75,1661
Alpens,175,3,0,4,1,29,300
Alpicat,1918,241,240,134,576,328,6297
Altafulla,1297,253,202,253,532,243,4988
Alt Àneu,194,12,7,14,4,48,416
Amer,1130,62,55,27,36,103,2281
"Ametlla del Vallès, l'",2966,291,288,261,659,379,8283
"Ametlla de Mar, l'",1981,243,224,179,405,208,7303
"Ampolla, l'",980,105,150,65,187,96,3479
Amposta,5446,1047,646,598,1272,852,21197
Anglès,2038,132,104,86,150,231,5606
Anglesola,578,40,42,22,30,58,1360
Arbeca,905,124,63,26,47,178,2389
"Arboç, l'",841,595,135,223,496,254,5515
Arbolí,75,0,0,1,3,21,105
Arbúcies,2493,134,99,96,117,342,6481
Arenys de Mar,4758,780,687,493,909,803,15307
Arenys de Munt,3312,348,282,235,457,513,8654
Argelaguer,186,8,2,13,5,65,425
Argençola,97,1,8,0,4,27,212
"Argentera, l'",82,3,2,4,3,18,146
Argentona,3590,674,595,389,1066,797,11963
"Armentera, l'",395,25,21,10,11,72,901
Arnes,253,15,12,8,6,17,474
Arres,11,3,3,0,18,1,73
Arsèguel,38,0,0,1,1,9,81
Artés,2004,254,153,144,337,338,5661
Artesa de Lleida,638,42,23,39,64,78,1508
Artesa de Segre,1342,43,123,30,96,98,3656
Ascó,577,98,78,29,111,81,1654
Aspa,57,25,20,7,11,19,215
"Avellanes i Santa Linya, les",233,7,25,6,7,27,479
Avià,1127,31,33,41,42,176,2258
Avinyó,1055,74,54,23,28,122,2275
Avinyonet del Penedès,604,73,50,49,108,80,1675
Avinyonet de Puigventós,513,64,74,45,143,48,1581
Badalona,28782,17022,26642,13335,19827,7621,217210
Badia del Vallès,728,2075,840,1359,1912,379,13553
Bagà,898,154,51,48,117,156,2225
Baix Pallars,140,25,3,20,8,43,361
Balaguer,4115,835,571,350,970,583,16485
Balenyà,1300,238,111,99,186,201,3724
Balsareny,1032,227,93,176,276,197,3343
Banyeres del Penedès,589,285,116,151,396,116,3057
Banyoles,7270,407,370,270,505,1064,19343
Barbens,280,19,24,8,42,37,875
Barberà de la Conca,165,21,4,11,32,34,519
Barberà del Vallès,3829,3432,1686,2967,5223,1238,32550
Barcelona,326376,100806,80529,85841,155361,87774,1602386
"Baronia de Rialb, la",119,10,9,5,7,10,235
Bàscara,405,32,32,16,35,68,949
Bassella,102,2,14,5,8,6,244
Batea,550,143,183,55,71,73,1975
Bausen,11,5,8,1,6,2,49
Begues,1937,297,260,332,696,403,6620
Begur,1098,244,135,128,366,141,3994
Belianes,209,16,36,13,7,55,555
Bellaguarda,154,19,7,7,8,12,307
Bellcaire d'Empordà,295,30,6,12,15,43,650
Bellcaire d'Urgell,629,30,37,29,41,55,1305
Bell-lloc d'Urgell,845,78,72,45,135,64,2351
Bellmunt del Priorat,97,29,4,13,9,35,307
Bellmunt d'Urgell,78,3,8,4,8,14,192
Bellprat,32,5,0,4,6,6,78
Bellpuig,1577,113,120,73,146,334,4956
Bellvei,365,167,132,93,262,85,2174
Bellver de Cerdanya,790,86,48,26,89,139,2075
Bellvís,1015,40,38,32,62,93,2342
Benavent de Segrià,537,52,49,26,95,78,1516
Benifallet,257,91,36,12,25,34,703
Benissanet,472,36,39,6,38,31,1247
Berga,6158,617,490,361,423,1117,16456
Besalú,1145,86,35,36,32,128,2400
Bescanó,2219,114,76,102,158,271,4874
Beuda,66,12,0,3,2,29,200
Bigues i Riells,2337,440,415,455,935,411,8854
Biosca,90,5,5,6,12,6,197
"Bisbal de Falset, la",115,4,5,0,2,8,216
"Bisbal del Penedès, la",738,268,128,166,410,152,3495
"Bisbal d'Empordà, la",3125,549,244,210,380,679,10761
Biure,77,9,21,5,9,20,245
Blancafort,196,2,4,14,3,36,413
Blanes,6682,2845,1669,2585,4127,1428,39293
Boadella i les Escaules,97,5,12,5,10,25,248
Bolvir,157,5,12,3,13,11,373
Bonastre,194,25,13,35,39,22,622
"Bòrdes, Es",34,28,16,16,39,16,234
Bordils,671,36,41,21,36,121,1690
"Borges Blanques, les",2315,174,139,93,251,275,6088
"Borges del Camp, les",767,76,52,46,123,101,2077
Borrassà,339,13,9,11,40,37,728
Borredà,221,21,7,0,9,52,540
Bossòst,112,160,111,18,140,24,1140
Bot,247,55,21,11,14,36,630
Botarell,365,50,38,45,59,45,1100
Bovera,155,7,5,4,3,4,290
Bràfim,245,30,39,13,34,36,660
Breda,1540,166,98,75,151,258,3751
"Bruc, el",539,96,71,83,158,190,1991
"Brull, el",128,0,4,4,5,22,263
Brunyola,188,0,2,3,14,25,391
Cabacés,153,4,10,4,5,18,326
Cabanabona,36,0,7,2,2,3,88
Cabanelles,88,2,6,4,6,24,243
Cabanes,276,25,48,12,89,44,921
"Cabanyes, les",338,51,36,29,56,63,961
Cabó,44,3,2,0,3,5,98
Cabra del Camp,281,76,40,36,97,59,1115
Cabrera d'Anoia,220,160,83,116,93,64,1363
Cabrera de Mar,1769,174,194,93,340,230,4525
Cabrils,2580,200,225,142,623,342,7197
Cadaqués,843,71,24,69,116,81,2820
Calaf,1171,156,136,97,103,128,3475
Calafell,3610,1763,1222,1039,2717,792,24333
Calders,476,28,28,12,13,63,949
Caldes de Malavella,2104,345,299,287,571,317,7130
Caldes de Montbui,4871,1127,670,694,1422,930,17156
Caldes d'Estrac,825,174,91,87,167,133,2738
Calella,4886,914,748,513,1147,744,18307
Calldetenes,1220,49,59,31,46,137,2429
Callús,749,82,37,60,89,103,1985
Calonge,2756,476,293,257,773,429,10541
Calonge de Segarra,104,4,3,2,4,8,202
Camarasa,431,20,27,22,50,57,911
Camarles,1030,215,111,62,97,77,3514
Cambrils,5682,1648,1599,1058,4251,911,33301
Camós,388,12,19,12,12,30,686
Campdevànol,1397,151,85,95,234,210,3395
Campelles,78,0,4,1,0,8,132
Campins,193,7,8,20,15,48,521
Campllong,242,9,12,1,24,28,515
Camprodon,1018,113,59,50,61,133,2359
Canejan,15,20,14,2,8,3,102
Canet d'Adri,342,13,12,16,19,68,644
Canet de Mar,4370,700,683,496,977,738,14123
"Canonja, la",616,886,305,303,970,172,5807
Canovelles,1649,1637,784,752,2130,354,15954
Cànoves i Samalús,665,238,215,155,324,174,2863
Cantallops,126,14,4,7,6,17,324
Canyelles,824,331,213,236,531,174,4345
Capafonts,50,1,6,0,6,21,114
Capçanes,202,9,15,11,9,41,411
Capellades,1374,442,253,175,437,502,5284
Capmany,200,22,13,23,24,23,612
Capolat,40,0,1,7,1,9,88
Cardedeu,5174,922,635,707,1421,1384,17698
Cardona,1511,406,217,115,390,212,4921
Carme,356,26,20,13,22,38,817
Caseres,69,12,30,4,25,13,267
Cassà de la Selva,3830,331,169,151,509,426,9922
Casserres,778,31,56,23,21,128,1569
Castellar de la Ribera,85,0,3,1,1,10,149
Castellar del Riu,104,3,2,0,4,6,171
Castellar del Vallès,6358,1733,816,1272,2427,1327,23440
Castellar de n'Hug,90,0,3,2,2,17,159
Castellbell i el Vilar,925,356,168,152,255,139,3624
Castellbisbal,2452,988,507,800,1750,508,12434
Castellcir,273,13,14,24,43,45,718
Castelldans,316,31,70,23,63,51,976
Castelldefels,8319,4203,4203,3378,8747,1670,63255
Castell de l'Areny,36,0,0,2,0,13,75
Castell de Mur,100,4,4,8,6,11,163
Castellet i la Gornal,532,187,97,128,196,121,2237
Castellfollit de la Roca,420,38,22,20,21,40,1013
Castellfollit del Boix,193,9,8,13,15,41,428
Castellfollit de Riubregós,89,0,7,5,8,9,177
Castellgalí,446,156,102,133,187,80,2022
Castellnou de Bages,439,65,37,38,127,61,1241
Castellnou de Seana,340,24,19,13,15,33,740
Castelló de Farfanya,240,17,16,7,12,32,565
Castelló d'Empúries,1595,279,408,171,596,259,11473
Castellolí,322,16,9,11,11,25,571
Castell-Platja d'Aro,2211,538,335,216,927,234,10721
Castellserà,480,45,26,12,30,62,1083
Castellterçol,1017,98,55,56,72,156,2400
Castellvell del Camp,1004,104,108,49,348,158,2869
Castellví de la Marca,631,56,44,35,52,108,1589
Castellví de Rosanes,457,122,87,114,185,71,1760
"Catllar, el",947,298,173,220,526,216,4222
Cava,34,0,1,0,0,4,60
"Cellera de Ter, la",1053,48,25,29,27,97,2071
Celrà,1456,194,86,103,227,460,5053
Centelles,2848,366,233,189,270,535,7333
Cercs,483,110,41,22,63,72,1246
Cerdanyola del Vallès,9416,5207,3020,4767,7809,3021,57402
Cervelló,2130,606,370,442,1067,366,8811
Cervera,2557,283,348,164,459,368,9039
Cervià de les Garrigues,328,26,16,19,18,19,708
Cervià de Ter,418,15,18,12,38,67,934
Cistella,125,1,14,2,7,24,293
Ciutadilla,116,7,6,2,4,11,209
Clariana de Cardener,64,4,1,0,0,23,140
"Cogul, el",88,6,1,2,4,6,190
Colera,156,22,10,15,37,39,532
Collbató,1316,194,190,154,379,286,4427
Colldejou,99,7,0,1,2,14,172
Coll de Nargó,236,15,13,8,17,39,587
Collsuspina,170,7,7,4,3,28,338
Colomers,87,6,2,2,2,32,195
"Coma i la Pedra, la",134,1,4,5,9,18,269
Conca de Dalt,189,7,7,8,11,48,443
Conesa,58,3,1,3,3,13,122
Constantí,790,696,289,205,669,137,6539
Copons,137,9,11,6,2,31,323
Corbera d'Ebre,315,41,98,48,21,62,1136
Corbera de Llobregat,3410,758,533,652,1414,684,14237
Corbins,564,43,28,25,57,75,1400
Corçà,575,44,29,17,23,82,1257
Cornellà de Llobregat,7615,11564,4644,7914,11156,2712,86234
Cornellà del Terri,1075,40,60,40,58,123,2235
Cornudella de Montsant,422,39,17,11,25,92,954
Creixell,614,265,186,180,392,83,3480
Crespià,95,2,4,3,9,21,245
"Cruïlles, Monells i Sant Sadurní de l'Heura",501,40,28,36,44,129,1284
Cubelles,2472,1008,738,808,1893,564,14481
Cubells,195,7,18,4,7,13,395
Cunit,1406,1129,698,677,1628,309,11989
Darnius,175,16,44,11,22,44,534
Das,88,2,4,1,11,24,220
Deltebre,3734,592,501,235,253,367,11831
Dosrius,1328,295,331,271,529,207,5137
Duesaigües,106,10,7,8,8,27,239
"Escala, l'",2324,507,277,163,527,433,10143
Esparreguera,4064,1963,913,1224,2488,1210,21685
Espinelves,108,3,2,1,4,26,196
"Espluga Calba, l'",169,11,21,6,7,39,395
"Espluga de Francolí, l'",1504,160,115,51,147,176,3836
Esplugues de Llobregat,6403,5353,3019,3088,6483,1575,46133
Espolla,165,21,10,6,23,33,417
Esponellà,220,4,4,10,7,23,458
Espot,164,15,5,2,7,9,357
"Espunyola, l'",140,3,8,5,0,17,259
"Esquirol, l'",1223,24,21,27,21,205,2188
Estamariu,76,3,0,1,2,3,119
"Estany, l'",240,17,5,6,5,23,407
Estaràs,78,2,16,2,12,14,176
Esterri d'Àneu,323,22,10,13,11,56,866
Esterri de Cardós,37,1,0,1,0,8,72
Falset,1164,135,60,32,62,142,2838
"Far d'Empordà, el",200,27,15,12,25,21,563
Farrera,46,1,3,2,2,31,125
"Fatarella, la",427,26,65,20,17,83,1051
"Febró, la",21,2,1,1,0,6,40
Figaró-Montmany,396,56,28,24,39,78,1096
Fígols,16,3,0,0,3,3,43
Fígols i Alinyà,117,13,6,1,7,23,260
"Figuera, la",59,2,2,0,3,12,118
Figueres,8180,1846,1918,912,3430,1454,45444
Figuerola del Camp,160,12,4,5,7,26,345
Flaçà,417,40,13,20,14,69,1041
Flix,1442,239,125,95,105,239,3795
"Floresta, la",81,1,2,1,2,11,162
Fogars de la Selva,275,92,83,80,221,48,1512
Fogars de Montclús,216,6,9,7,6,51,482
Foixà,138,8,1,6,16,37,320
Folgueroles,1224,36,14,27,30,141,2259
Fondarella,333,32,25,11,58,37,838
Fonollosa,574,70,46,47,78,98,1429
Fontanals de Cerdanya,210,8,28,9,23,24,443
Fontanilles,76,1,1,2,3,5,160
Fontcoberta,759,30,33,15,22,104,1442
Font-rubí,585,38,37,17,24,92,1353
Foradada,88,2,12,2,3,13,182
Forallac,794,44,36,40,91,103,1729
Forès,24,0,3,1,1,5,46
Fornells de la Selva,1206,38,49,34,166,121,2479
Fortià,238,36,27,11,52,39,710
"Franqueses del Vallès, les",3752,1272,703,853,2564,742,19170
Freginals,109,23,24,16,26,16,405
"Fuliola, la",460,43,72,13,20,76,1294
Fulleda,56,2,10,1,2,1,98
Gaià,90,1,2,0,3,10,163
"Galera, la",171,32,69,24,24,59,800
Gallifa,98,1,6,8,10,22,202
Gandesa,943,98,139,50,123,130,3091
Garcia,212,18,22,13,7,25,559
"Garidells, els",69,10,4,12,10,10,182
"Garriga, la",5394,766,507,460,1188,1078,15762
Garrigàs,179,4,6,4,18,40,398
Garrigoles,63,1,1,2,5,20,159
Garriguella,289,25,24,26,41,36,857
Gavà,6230,4835,2320,2947,6752,1504,46326
Gavet de la Conca,136,16,3,3,5,22,303
Gelida,1804,553,224,382,612,448,7194
Ger,202,1,14,1,20,18,432
Gimenells i el Pla de la Font,214,133,69,37,132,47,1129
Ginestar,355,27,15,12,8,36,819
Girona,26499,4718,3061,2437,6592,5059,97227
Gironella,2024,214,175,109,119,303,4987
Gisclareny,20,0,0,0,1,2,25
Godall,148,100,71,17,21,29,673
Golmés,707,36,49,28,80,58,1734
Gombrèn,77,8,12,2,5,16,195
Gósol,135,9,1,6,3,19,216
"Granada, la",799,112,62,70,102,107,2073
"Granadella, la",336,20,11,9,14,66,715
Granera,39,2,3,0,4,7,80
"Granja d'Escarp, la",312,42,39,22,93,31,972
Granollers,12952,4704,2409,2535,6413,2496,59930
Granyanella,57,3,12,2,6,11,147
Granyena de les Garrigues,74,2,3,2,7,16,162
Granyena de Segarra,66,1,5,4,9,9,136
Gratallops,80,9,19,8,8,24,243
Gualba,568,46,23,36,68,97,1429
Gualta,135,7,7,4,14,31,362
Guardiola de Berguedà,346,57,17,35,26,84,937
"Guiamets, els",116,20,14,12,4,47,292
Guils de Cerdanya,225,9,21,7,38,28,536
Guimerà,157,1,9,2,3,7,295
"Guingueta d'Àneu, la",145,9,7,5,6,28,317
Guissona,1346,167,100,88,207,192,6827
Guixers,73,1,7,1,4,10,128
Gurb,1417,33,49,18,53,122,2545
Horta de Sant Joan,423,45,127,23,27,64,1219
"Hospitalet de Llobregat, l'",23843,28947,14336,16855,29773,7528,253518
"Hostalets de Pierola, els",746,165,114,99,239,163,2942
Hostalric,1196,231,144,196,188,160,4010
Igualada,12258,1924,1452,1153,2887,1819,38751
Isona i Conca Dellà,467,30,30,22,36,41,1049
Isòvol,134,7,6,7,10,22,301
Ivars de Noguera,103,11,24,6,27,45,350
Ivars d'Urgell,697,56,47,16,47,80,1607
Ivorra,84,0,3,0,0,5,115
Jafre,185,8,4,6,11,36,396
"Jonquera, la",516,174,134,68,236,81,3115
Jorba,306,28,34,19,39,51,838
Josa i Tuixén,60,2,1,3,1,13,128
Juià,135,2,12,8,6,22,340
Juncosa,170,7,20,7,22,29,438
Juneda,1327,88,78,37,69,168,3497
Les,95,121,49,20,75,41,968
Linyola,1114,69,76,53,118,99,2677
"Llacuna, la",412,15,24,6,18,78,906
Lladó,328,14,20,16,10,56,767
Lladorre,120,5,0,5,4,25,232
Lladurs,86,0,11,3,10,14,195
"Llagosta, la",1077,1821,785,1136,1864,309,13430
Llagostera,2549,327,168,137,514,371,8198
Llambilles,368,24,17,11,24,27,738
Llanars,260,15,9,3,14,24,509
Llançà,1440,271,158,103,432,269,4970
Llardecans,252,10,23,4,16,17,497
Llavorsí,105,17,12,8,3,57,367
Lleida,27655,7633,6903,4149,12550,4972,139176
Llers,459,24,34,17,77,79,1242
Lles de Cerdanya,142,7,1,4,2,24,260
Lliçà d'Amunt,2772,1263,862,964,2089,581,14696
Lliçà de Vall,1359,480,434,442,918,232,6354
Llimiana,69,5,0,10,2,14,159
Llinars del Vallès,2578,564,447,350,942,544,9536
Llívia,512,37,43,10,106,58,1536
"Lloar, el",57,2,8,1,4,7,110
Llobera,116,2,6,1,1,9,201
Llorac,47,2,0,2,4,7,112
Llorenç del Penedès,797,79,51,85,174,138,2306
Lloret de Mar,4722,1983,1408,1168,3378,632,38624
"Llosses, les",92,0,6,5,2,22,211
Lluçà,117,0,10,3,0,55,257
Maçanet de Cabrenys,317,22,18,10,32,46,781
Maçanet de la Selva,1413,469,290,271,660,305,6963
Madremanya,112,2,5,2,7,38,283
Maià de Montcal,142,18,17,10,20,41,443
Maials,434,27,31,10,20,16,959
Maldà,114,9,5,3,6,18,227
Malgrat de Mar,4120,1580,774,800,1664,687,18417
Malla,155,1,13,2,5,19,266
Manlleu,6031,851,517,446,1215,783,20279
Manresa,21608,3771,2362,2123,5012,3454,75297
Marçà,232,13,6,14,12,65,611
Margalef,50,2,0,7,5,4,108
Marganell,114,10,7,9,3,22,297
Martorell,4256,2266,1094,1710,2982,988,27895
Martorelles,1016,408,214,371,639,223,4783
Masarac,118,8,3,2,1,20,284
Mas de Barberans,110,94,47,4,26,23,619
Masdenverge,408,51,58,18,83,36,1106
"Masies de Roda, les",402,20,14,9,15,34,737
"Masies de Voltregà, les",1358,178,100,54,130,179,3186
Masllorenç,196,23,13,9,11,26,519
"Masnou, el",6811,1107,989,1173,2111,1473,22742
"Masó, la",131,5,13,5,13,26,288
Maspujols,285,19,18,19,50,66,782
Masquefa,1616,650,410,540,1048,338,8406
"Masroig, el",218,24,23,13,3,33,534
Massalcoreig,199,22,23,15,9,12,560
Massanes,214,43,28,27,26,42,723
Massoteres,74,5,1,1,13,8,196
Matadepera,4079,110,349,91,595,278,8841
Mataró,23371,10010,5993,5831,14225,4490,124280
Mediona,604,142,83,97,97,204,2311
Menàrguens,364,18,27,22,18,32,887
Meranges,41,1,9,1,9,6,94
Mieres,120,5,6,2,13,58,326
"Milà, el",55,0,15,11,17,9,174
Miralcamp,584,60,23,30,52,39,1384
Miravet,302,38,14,13,12,43,774
Moià,2083,235,177,140,228,385,5760
"Molar, el",125,17,8,4,7,23,293
Molins de Rei,6851,2082,779,1385,2405,1572,25152
Mollerussa,3922,566,368,266,663,425,14963
Mollet del Vallès,7292,4967,2325,4461,6427,1708,51719
Mollet de Peralada,89,4,4,5,4,11,182
Molló,182,4,6,1,6,20,339
"Molsosa, la",55,0,11,2,2,7,116
Monistrol de Calders,268,30,24,13,28,93,695
Monistrol de Montserrat,821,239,131,89,142,144,2945
Montagut i Oix,421,9,16,22,12,85,970
Montblanc,2599,329,172,127,398,376,7359
Montbrió del Camp,930,56,97,75,198,132,2650
Montcada i Reixac,4601,3062,1607,3262,4486,1231,34394
Montclar,59,2,11,1,0,2,117
Montellà i Martinet,280,24,8,10,27,36,623
Montesquiu,392,32,11,19,17,68,895
Montferrer i Castellbò,365,33,25,22,39,69,1027
Montferri,89,25,17,25,38,15,369
Montgai,337,21,43,13,26,25,671
Montgat,2654,633,677,788,1417,598,11315
Montmajor,242,15,13,5,3,22,476
Montmaneu,72,0,8,0,10,3,164
"Montmell, el",150,137,85,67,196,52,1418
Montmeló,1214,1074,542,946,1093,400,8863
Montoliu de Lleida,208,9,12,8,20,33,515
Montoliu de Segarra,81,0,11,2,6,15,193
Montornès del Vallès,1771,1444,999,1459,2260,463,16217
Montornès de Segarra,53,4,7,0,3,6,105
Mont-ral,55,3,5,12,5,26,165
Mont-ras,542,122,77,51,183,67,1739
Mont-roig del Camp,1827,582,554,313,1276,239,12148
Montseny,159,7,2,16,5,30,332
Móra d'Ebre,1642,310,192,127,304,258,5578
Móra la Nova,1002,199,77,86,122,135,3190
"Morell, el",890,173,127,94,413,121,3530
"Morera de Montsant, la",60,0,2,1,0,7,157
Muntanyola,276,11,13,19,23,41,595
Mura,105,9,2,6,2,29,211
Nalec,60,3,1,0,2,4,93
Naut Aran,244,130,102,50,222,75,1782
Navarcles,2078,460,241,260,383,278,6003
Navàs,2154,339,218,140,235,493,6117
Navata,500,14,17,31,64,85,1262
Navès,127,7,13,2,9,19,280
"Nou de Berguedà, la",75,6,0,10,6,19,150
"Nou de Gaià, la",210,15,13,12,37,25,548
Nulles,182,8,19,11,22,26,453
Odèn,149,1,7,1,5,6,267
Òdena,909,335,160,127,295,142,3624
Ogassa,119,6,3,6,10,13,245
Olèrdola,1111,217,116,143,243,202,3579
Olesa de Bonesvalls,358,163,88,125,218,61,1735
Olesa de Montserrat,4746,1648,824,1503,2728,1281,23543
Oliana,811,66,60,28,61,76,1870
Oliola,111,0,8,6,11,10,235
Olius,417,24,15,19,43,40,902
Olivella,545,225,174,165,407,135,3609
Olost,603,23,46,10,31,100,1186
Olot,11848,1473,824,613,1223,1443,33913
"Oluges, les",75,0,8,2,4,8,158
Olvan,404,32,33,15,14,50,876
"Omellons, els",82,10,29,10,16,7,232
"Omells de na Gaia, els",71,0,5,1,4,11,141
Ordis,158,10,8,0,10,39,380
Organyà,353,50,50,9,20,38,841
Orís,165,4,9,8,9,22,303
Oristà,326,3,19,3,9,27,557
Orpí,78,0,2,5,0,14,131
Òrrius,292,16,13,19,32,70,690
Os de Balaguer,431,34,29,24,50,57,1008
Osor,210,8,10,8,7,33,452
Ossó de Sió,103,4,12,2,14,10,211
Pacs del Penedès,315,47,37,40,71,43,892
Palafolls,1958,647,390,560,1122,343,9065
Palafrugell,5307,1370,679,487,1486,761,22763
Palamós,5207,969,590,379,1572,650,17805
"Palau d'Anglesola, el",928,43,46,41,91,117,2135
Palau de Santa Eulàlia,42,5,1,6,4,5,98
Palau-sator,153,2,2,3,7,20,305
Palau-saverdera,388,29,39,18,92,28,1437
Palau-solità i Plegamans,3474,990,625,862,1823,602,14454
"Pallaresos, els",873,327,193,246,671,214,4479
Pallejà,2007,1047,443,785,1631,431,11253
"Palma d'Ebre, la",204,17,4,12,3,21,371
"Palma de Cervelló, la",971,184,85,111,263,241,3002
Palol de Revardit,251,8,7,5,15,21,474
Pals,862,113,41,36,97,97,2533
"Papiol, el",1084,304,127,203,363,238,4023
Pardines,94,1,3,1,0,6,155
Parets del Vallès,3526,1673,762,1282,2460,907,18733
Parlavà,239,4,4,2,8,27,410
Passanant i Belltall,94,3,2,8,2,23,154
Pau,171,7,17,2,30,17,569
Paüls,236,71,19,12,13,24,596
Pedret i Marzà,68,3,13,7,13,8,189
Penelles,226,7,8,5,15,15,504
Perafita,197,2,10,6,6,31,407
Perafort,270,65,41,56,186,47,1287
"Pera, la",214,5,2,4,12,34,467
Peralada,716,47,49,30,110,94,1859
Peramola,161,14,14,2,5,22,349
"Perelló, el",1118,100,42,34,42,81,3155
Piera,2991,1009,686,824,1645,664,15000
"Piles, les",87,6,4,5,5,28,214
Pineda de Mar,4932,2455,1517,1050,2593,779,25948
"Pinell de Brai, el",351,69,59,43,18,94,1076
Pinell de Solsonès,107,2,16,0,1,13,207
Pinós,128,0,10,6,2,29,302
Pira,191,18,8,18,16,33,480
"Pla del Penedès, el",466,45,21,34,54,136,1223
"Pla de Santa Maria, el",828,70,85,72,201,126,2344
"Planes d'Hostoles, les",836,26,25,14,29,76,1694
Planoles,137,7,2,7,1,35,300
"Plans de Sió, els",274,11,15,8,17,33,560
"Poal, el",292,11,44,8,49,15,656
"Pobla de Cérvoles, la",88,8,6,8,8,27,220
"Pobla de Claramunt, la",670,163,63,76,140,141,2186
"Pobla de Lillet, la",531,90,23,24,28,68,1155
"Pobla de Mafumet, la",453,184,161,117,539,102,3420
"Pobla de Massaluca, la",135,21,8,6,21,6,354
"Pobla de Montornès, la",545,171,142,175,345,81,2860
"Pobla de Segur, la",1137,151,58,63,87,167,3012
Poboleda,157,7,1,8,5,48,361
Polinyà,1110,820,330,746,1268,205,8238
"Pont d'Armentera, el",197,21,22,18,28,28,561
"Pont de Bar, el",71,1,1,0,1,19,172
Pont de Molins,168,15,23,7,53,35,529
"Pont de Suert, el",466,227,97,99,177,141,2318
"Pont de Vilomara i Rocafort, el",664,460,151,184,524,127,3780
Pontils,56,15,5,1,4,4,123
Pontons,124,15,62,11,19,31,477
Pontós,80,2,14,8,15,30,223
Ponts,1042,68,91,17,81,97,2701
Porqueres,2177,109,78,69,147,255,4529
Porrera,187,18,6,16,3,73,461
Portbou,303,141,65,33,97,51,1214
"Port de la Selva, el",381,34,19,12,52,63,980
"Portella, la",231,19,13,14,31,22,750
Pradell de la Teixeta,95,8,3,3,1,14,181
Prades,288,40,6,9,9,28,626
Prat de Comte,67,11,15,6,7,16,164
"Prat de Llobregat, el",6803,7309,3417,6233,8392,2097,62866
Pratdip,228,30,24,5,22,36,685
Prats de Lluçanès,1342,83,81,26,46,120,2624
"Prats de Rei, els",256,16,10,13,10,19,537
Prats i Sansor,97,4,20,5,14,23,248
Preixana,161,2,27,8,18,35,405
Preixens,181,7,21,14,34,23,450
Premià de Dalt,2753,711,501,356,1210,409,10311
Premià de Mar,6471,1730,1173,1449,2868,1583,28163
"Preses, les",855,50,36,36,39,90,1772
Prullans,117,4,2,3,5,5,209
Puigcerdà,2124,331,393,157,795,287,8761
Puigdàlber,197,14,13,9,41,37,532
Puiggròs,125,10,8,6,6,13,296
Puigpelat,286,45,37,27,112,47,1083
Puig-reig,1831,179,137,66,113,214,4207
Puigverd d'Agramunt,90,2,5,6,13,23,259
Puigverd de Lleida,439,97,63,34,106,66,1411
Pujalt,91,4,16,2,2,13,198
"Quar, la",25,2,2,1,0,2,57
Quart,1274,167,118,88,314,172,3441
Queralbs,100,1,2,2,6,13,182
Querol,121,43,35,39,53,26,550
Rabós,88,0,2,6,6,10,182
Rajadell,219,27,27,19,24,29,528
Rasquera,344,31,10,13,10,57,858
Regencós,123,12,9,8,9,10,291
Rellinars,278,43,26,45,34,30,726
Renau,40,6,1,7,8,22,141
Reus,19557,6145,5249,3059,12622,4271,104962
Rialp,249,21,21,15,19,52,667
"Riba, la",239,18,19,17,42,34,601
Riba-roja d'Ebre,367,123,66,70,65,43,1195
Ribera d'Ondara,209,6,28,8,27,25,420
Ribera d'Urgellet,333,27,27,23,31,44,963
Ribes de Freser,900,48,42,39,73,92,1859
Riells i Viabrea,1125,185,122,192,305,190,4000
"Riera de Gaià, la",490,67,53,47,160,101,1678
Riner,124,6,7,2,8,29,281
Ripoll,3863,613,313,243,670,493,10751
Ripollet,3960,3603,1830,3212,5584,1467,37233
Riudarenes,617,124,72,52,199,87,2148
Riudaura,258,5,8,9,3,35,463
Riudecanyes,440,24,25,27,60,49,1142
Riu de Cerdanya,65,2,1,0,3,9,106
Riudecols,420,81,24,25,88,73,1254
Riudellots de la Selva,901,48,20,32,108,95,2026
Riudoms,2176,212,230,110,558,288,6546
Riumors,98,6,11,1,11,11,244
"Roca del Vallès, la",2971,658,402,445,1116,498,10518
Rocafort de Queralt,116,8,7,1,10,11,256
Roda de Berà,913,512,388,319,912,151,6322
Roda de Ter,2586,269,128,121,170,272,6124
Rodonyà,198,15,8,11,29,26,513
Roquetes,2023,460,376,231,541,385,8287
Roses,3066,877,842,377,1823,356,19600
Rosselló,864,124,89,92,198,115,3021
"Rourell, el",116,30,16,20,32,22,394
Rubí,10019,6703,3397,4981,10345,2850,74353
Rubió,90,2,10,10,19,22,228
Rupià,112,1,3,5,2,36,246
Rupit i Pruit,171,1,3,0,5,14,300
Sabadell,40377,17359,8308,14648,24686,9506,207444
Sagàs,74,6,3,0,3,11,149
Salàs de Pallars,142,21,2,8,6,34,365
Saldes,150,18,6,9,8,19,283
Sales de Llierca,34,9,4,6,0,23,133
Sallent,2105,645,287,276,303,446,6780
Salomó,213,12,11,4,12,18,539
Salou,2717,1173,1330,689,3268,403,26558
Salt,4681,1284,724,603,1613,861,30103
Sanaüja,185,7,32,6,4,28,423
Santa Bàrbara,963,147,211,90,293,116,3821
Santa Cecília de Voltregà,118,1,3,4,2,12,173
Santa Coloma de Cervelló,1730,506,293,629,971,446,8038
Santa Coloma de Farners,4222,410,243,260,608,489,12601
Santa Coloma de Gramenet,7815,14502,7994,8439,13472,3197,118738
Santa Coloma de Queralt,1215,74,69,36,74,130,2931
Santa Cristina d'Aro,1426,202,161,140,408,160,5194
Sant Adrià de Besòs,3325,3459,2471,2386,4233,1000,35386
Santa Eugènia de Berga,1145,34,42,35,53,105,2233
Santa Eulàlia de Riuprimer,631,22,17,8,37,91,1259
Santa Eulàlia de Ronçana,2012,348,252,332,758,379,7114
Santa Fe del Penedès,174,5,4,3,17,45,379
Sant Agustí de Lluçanès,65,1,2,0,3,4,91
Santa Llogaia d'Àlguema,64,26,22,18,61,5,341
Santa Margarida de Montbui,1190,1235,509,565,1297,271,9641
Santa Margarida i els Monjos,1495,673,261,308,723,303,7337
Santa Maria de Besora,92,0,0,1,2,8,162
Santa Maria de Martorelles,253,37,40,75,42,81,851
Santa Maria de Merlès,69,2,1,4,3,19,177
Santa Maria de Miralles,71,2,0,8,5,7,140
Santa Maria de Palautordera,3017,505,334,320,506,596,9138
Santa Maria d'Oló,581,17,11,9,19,93,1065
Sant Andreu de la Barca,2811,3370,1230,2026,3957,738,27268
Sant Andreu de Llavaneres,3151,388,493,263,1035,332,10590
Sant Andreu Salou,86,1,5,7,5,12,155
Sant Aniol de Finestres,167,3,10,4,9,39,351
Sant Antoni de Vilamajor,1938,221,186,209,461,423,5708
Santa Oliva,529,351,173,193,433,72,3287
Santa Pau,843,25,32,30,37,101,1567
Santa Perpètua de Mogoda,3582,2116,1199,2087,3804,900,25409
Santa Susanna,789,121,160,140,391,163,3293
Sant Bartomeu del Grau,383,27,30,14,30,42,875
Sant Boi de Llobregat,9715,9945,3940,7147,11286,2740,83107
Sant Boi de Lluçanès,288,12,20,5,5,24,556
Sant Carles de la Ràpita,4348,695,439,437,707,523,15003
Sant Cebrià de Vallalta,957,114,108,149,246,178,3328
Sant Celoni,5244,1171,629,592,1043,929,17251
Sant Climent de Llobregat,1078,304,109,256,410,209,3938
Sant Climent Sescebes,164,14,23,10,55,23,590
Sant Cugat del Vallès,23659,3350,2998,2974,8691,4974,87118
Sant Cugat Sesgarrigues,383,73,17,26,51,61,972
Sant Esteve de la Sarga,57,2,2,7,2,9,132
Sant Esteve de Palautordera,1166,37,39,35,71,230,2532
Sant Esteve Sesrovires,1677,574,342,465,895,401,7542
Sant Feliu de Buixalleu,329,22,24,23,19,57,776
Sant Feliu de Codines,1961,233,150,199,263,348,5900
Sant Feliu de Guíxols,5196,1559,660,720,1714,688,21810
Sant Feliu de Llobregat,7079,4515,2265,3355,6377,1755,43715
Sant Feliu de Pallerols,669,35,28,14,6,88,1353
Sant Feliu Sasserra,353,10,17,2,7,27,626
Sant Ferriol,73,2,3,8,2,21,240
Sant Fost de Campsentelles,1896,521,585,592,1075,362,8666
Sant Fruitós de Bages,2792,468,258,294,539,387,8243
Sant Gregori,1594,64,40,47,148,291,3464
Sant Guim de Freixenet,410,27,37,20,34,56,1107
Sant Guim de la Plana,91,5,2,1,4,11,175
Sant Hilari Sacalm,2290,270,101,70,126,334,5681
Sant Hipòlit de Voltregà,1447,169,83,45,106,180,3446
Sant Iscle de Vallalta,441,37,62,45,64,70,1304
Sant Jaume de Frontanyà,14,1,0,2,0,5,24
Sant Jaume de Llierca,403,33,20,19,20,43,812
Sant Jaume dels Domenys,667,158,99,104,278,96,2493
Sant Jaume d'Enveja,871,469,190,90,64,116,3555
Sant Joan de les Abadesses,1581,171,92,48,97,185,3413
Sant Joan de Mollet,236,14,11,8,14,37,509
Sant Joan Despí,4949,4206,1572,2759,4748,1127,32981
Sant Joan de Vilatorrada,2678,885,370,528,1161,394,10733
Sant Joan les Fonts,1347,120,70,53,62,175,2919
Sant Jordi Desvalls,332,12,11,8,13,62,708
Sant Julià de Cerdanyola,163,0,5,0,2,19,239
Sant Julià del Llor i Bonmatí,532,26,20,25,57,32,1264
Sant Julià de Ramis,1182,180,73,99,340,150,3434
Sant Julià de Vilatorta,1797,41,39,34,43,148,3123
Sant Just Desvern,4544,1098,752,707,1711,943,16389
Sant Llorenç de la Muga,93,9,2,3,14,13,249
Sant Llorenç de Morunys,461,23,26,15,12,67,993
Sant Llorenç d'Hortons,826,126,79,137,157,188,2517
Sant Llorenç Savall,893,85,86,68,97,141,2361
Sant Martí d'Albars,66,1,3,1,0,10,106
Sant Martí de Centelles,380,49,35,50,40,78,1093
Sant Martí de Llémena,252,7,6,31,12,59,626
Sant Martí de Riucorb,318,13,40,13,26,50,685
Sant Martí de Tous,554,36,33,15,26,86,1175
Sant Martí Sarroca,1044,141,86,89,141,258,3130
Sant Martí Sesgueioles,158,7,13,7,15,36,395
Sant Martí Vell,103,10,4,4,12,22,242
Sant Mateu de Bages,364,10,20,3,10,23,644
Sant Miquel de Campmajor,106,0,3,1,4,25,232
Sant Miquel de Fluvià,144,71,55,18,70,31,798
Sant Mori,61,8,4,2,20,8,177
Sant Pau de Segúries,358,14,20,15,25,30,674
Santpedor,2873,336,210,230,454,418,7384
Sant Pere de Ribes,4622,2292,1124,1392,3601,1463,29339
Sant Pere de Riudebitlles,915,129,80,62,72,167,2364
Sant Pere de Torelló,1189,54,36,34,53,118,2436
Sant Pere de Vilamajor,1263,189,179,204,373,279,4248
Sant Pere Pescador,577,33,38,21,65,69,2138
Sant Pere Sallavinera,92,1,1,1,3,11,162
Sant Pol de Mar,2001,174,140,143,241,304,4997
Sant Quintí de Mediona,820,74,122,48,44,78,2101
Sant Quirze de Besora,1064,59,52,45,32,69,2148
Sant Quirze del Vallès,5981,1033,654,912,2245,1000,19549
Sant Quirze Safaja,219,21,16,30,50,28,644
Sant Ramon,245,4,33,4,8,31,496
Sant Sadurní d'Anoia,3942,922,407,616,715,755,12590
Sant Sadurní d'Osormort,40,1,3,1,5,5,86
Sant Salvador de Guardiola,860,154,158,171,324,156,3130
Sant Vicenç de Castellet,2355,734,373,393,585,380,9326
Sant Vicenç dels Horts,4538,2767,1325,1939,4069,666,28103
Sant Vicenç de Montalt,1898,218,242,120,623,208,6007
Sant Vicenç de Torelló,992,55,36,31,33,143,1975
Sarral,567,64,54,40,63,65,1595
Sarrià de Ter,1571,320,122,162,527,242,4937
Sarroca de Bellera,60,2,2,5,11,4,124
Sarroca de Lleida,198,6,7,12,1,18,403
"Saus, Camallera i Llampaies",323,23,11,42,37,82,815
Savallà del Comtat,31,5,0,6,1,5,65
"Secuita, la",494,65,53,55,189,125,1665
"Selva del Camp, la",1718,395,174,128,411,376,5598
"Selva de Mar, la",84,5,3,5,7,35,181
Senan,21,1,1,1,0,7,53
"Sénia, la",993,432,439,184,517,280,5893
Senterada,54,6,3,4,3,9,131
"Sentiu de Sió, la",203,19,19,11,42,21,467
Sentmenat,1951,717,322,527,821,498,8645
Serinyà,503,34,19,22,26,82,1123
Seròs,661,70,57,24,49,61,1887
Serra de Daró,98,1,1,2,1,15,211
Setcases,94,9,6,1,1,6,195
"Seu d'Urgell, la",3181,829,433,274,737,596,12366
Seva,1641,74,77,59,123,224,3488
Sidamon,260,18,30,38,53,38,706
Sils,1512,290,208,215,603,258,5851
Sitges,5825,1423,1194,884,2841,1157,28171
Siurana,74,1,5,5,5,13,150
Sobremunt,46,0,1,0,2,12,83
"Soleràs, el",185,6,4,2,2,12,359
Solivella,339,14,23,4,4,47,653
Solsona,3124,293,211,163,355,451,9067
Sora,103,3,0,2,2,17,175
Soriguera,117,16,6,14,10,78,377
Sort,673,100,61,52,81,205,2237
Soses,641,70,61,12,44,38,1754
Subirats,1260,112,95,61,87,259,3029
Sudanell,334,13,25,25,38,49,872
Sunyer,129,6,5,8,16,20,307
Súria,1539,674,152,205,610,358,5999
Susqueda,49,0,1,2,4,9,95
Tagamanent,125,7,7,7,11,32,322
Talamanca,111,2,5,3,8,11,141
Talarn,128,19,16,3,29,29,413
Talavera,133,3,13,5,8,15,267
"Tallada d'Empordà, la",220,15,3,12,4,39,454
Taradell,3166,109,119,72,130,344,6219
Tarragona,20304,9719,7682,5837,17971,4615,132199
Tàrrega,4845,597,419,310,724,813,16587
Tarrés,63,1,0,2,1,7,105
Tarroja de Segarra,69,0,5,3,11,38,173
Tavèrnoles,193,1,6,3,3,15,317
Tavertet,60,3,1,4,2,15,125
Teià,2333,212,234,217,501,395,6141
Térmens,570,28,85,20,37,47,1536
Terrades,107,6,14,11,15,15,288
Terrassa,38671,17692,8625,13200,26190,8388,215517
Tiana,2963,428,449,339,548,573,8314
Tírvia,57,1,3,0,7,25,156
Tiurana,39,3,8,0,3,2,76
Tivenys,254,134,47,15,25,42,876
Tivissa,668,45,75,49,62,133,1760
Tona,3259,292,208,168,328,412,8012
Torà,540,29,21,19,37,102,1202
Tordera,3789,1135,706,734,1386,514,16345
Torelló,5389,672,296,325,589,805,13949
"Torms, els",83,2,3,5,0,9,148
Tornabous,338,13,29,11,22,40,911
Torrebesses,140,7,9,4,4,20,291
"Torre de Cabdella, la",374,39,11,13,9,73,761
"Torre de Claramunt, la",780,351,170,182,484,150,3819
"Torre de Fontaubella, la",62,3,1,3,5,20,126
"Torre de l'Espanyol, la",266,32,15,15,8,22,676
Torredembarra,3030,939,679,544,1871,563,15475
Torrefarrera,1360,183,117,105,355,151,4512
Torrefeta i Florejacs,269,11,26,11,12,55,601
Torregrossa,778,112,99,29,102,61,2235
Torrelameu,313,19,23,13,16,22,709
Torrelavit,613,40,31,31,37,112,1393
Torrelles de Foix,498,201,115,103,98,85,2308
Torrelles de Llobregat,1719,285,147,310,509,373,5851
Torrent,80,6,2,4,13,8,170
Torres de Segre,690,106,76,42,104,69,2301
Torre-serona,126,25,19,10,20,11,388
Torroella de Fluvià,194,24,10,13,32,43,704
Torroella de Montgrí,3361,314,274,156,632,462,11381
Torroja del Priorat,72,1,6,6,4,26,160
Tortellà,348,27,15,16,23,82,772
Tortosa,8145,1726,1345,979,2116,1469,33932
Toses,95,1,6,0,4,8,150
Tossa de Mar,1412,293,190,150,448,287,5681
Tremp,1934,337,182,101,216,251,6305
Ullà,245,53,25,15,54,43,1053
Ullastrell,792,82,40,69,122,149,2056
Ullastret,153,7,2,5,0,23,289
Ulldecona,1363,323,406,133,336,309,6904
Ulldemolins,236,8,18,12,7,19,412
Ultramort,93,4,1,3,5,21,204
Urús,65,2,5,3,7,25,185
Vacarisses,1348,392,224,385,708,317,6218
"Vajol, la",35,6,3,3,3,4,86
Vallbona d'Anoia,440,112,70,59,78,95,1424
Vallbona de les Monges,109,3,4,12,10,31,262
Vallcebre,149,11,4,2,2,20,258
Vallclara,58,0,3,2,1,8,116
"Vall de Bianya, la",590,31,24,26,30,94,1305
"Vall de Boí, la",402,21,23,24,26,110,992
Vall de Cardós,145,7,11,6,16,39,384
"Vall d'en Bas, la",1628,39,48,45,37,202,2965
Vallfogona de Balaguer,675,75,102,44,113,83,1888
Vallfogona de Ripollès,120,1,1,2,4,19,215
Vallfogona de Riucorb,54,1,2,2,0,6,99
Vallgorguina,946,68,75,96,146,202,2699
Vallirana,2614,1428,628,801,1850,521,14612
Vall-llobrega,314,32,21,22,87,43,901
Vallmoll,422,146,69,48,193,57,1670
Vallromanes,875,68,90,64,248,98,2519
Valls,6862,1330,857,625,1821,1126,24570
"Valls d'Aguilar, les",107,11,6,11,7,15,298
"Valls de Valira, les",227,28,12,23,38,31,849
Vandellòs i l'Hospitalet de l'Infant,1283,471,282,215,752,208,6047
"Vansa i Fórnols, la",91,1,8,7,2,20,210
Veciana,77,2,10,2,2,6,176
"Vendrell, el",6023,2467,1690,1617,4416,1169,36719
Ventalló,286,14,24,10,36,65,836
Verdú,384,35,32,24,22,48,964
Verges,519,24,22,9,33,101,1195
Vespella de Gaià,65,37,32,20,56,14,417
Vic,14032,1196,892,650,1660,1821,41956
Vidrà,88,3,0,5,1,14,169
Vidreres,2149,326,252,232,671,280,7702
Vielha e Mijaran,670,475,316,146,643,136,5474
Vilabella,356,31,18,9,23,45,805
Vilabertran,400,23,33,6,56,45,913
Vilablareix,1148,112,59,76,217,92,2529
Vilada,234,17,13,1,5,44,443
Viladamat,163,12,7,6,11,98,440
Viladasens,91,4,6,5,0,36,216
Viladecans,6645,8158,3260,5580,10534,1710,65358
Viladecavalls,1828,489,336,469,1023,376,7395
Vilademuls,354,9,20,16,17,81,787
Viladrau,543,24,21,7,23,59,1037
Vilafant,1486,316,304,153,684,212,5481
Vilafranca del Penedès,10748,2254,1216,1212,2844,2383,39221
Vilagrassa,186,22,15,4,27,25,514
Vilajuïga,330,51,31,20,97,80,1190
Vilalba dels Arcs,282,19,59,8,26,29,682
Vilalba Sasserra,207,24,22,26,47,31,706
Vilaller,157,46,27,13,43,38,563
Vilallonga del Camp,566,128,122,83,200,89,2229
Vilallonga de Ter,200,8,10,7,6,15,421
Vilamacolum,123,5,3,5,13,9,307
Vilamalla,246,57,85,24,178,15,1103
Vilamaniscle,76,4,2,2,1,14,170
Vilamòs,15,16,4,6,31,11,171
Vilanant,179,7,8,9,27,15,399
Vilanova de Bellpuig,558,18,29,13,13,104,1179
Vilanova de la Barca,355,55,48,21,40,34,1120
Vilanova de l'Aguda,102,1,14,0,6,12,228
Vilanova del Camí,1528,1460,634,721,1932,366,12506
Vilanova del Vallès,1409,246,207,233,626,246,5250
Vilanova de Meià,214,5,14,6,2,35,422
Vilanova de Prades,54,5,2,4,5,2,126
Vilanova de Sau,155,11,5,8,12,43,314
Vilanova d'Escornalbou,233,17,15,9,16,32,540
Vilanova de Segrià,330,23,41,17,54,64,930
Vilanova i la Geltrú,13679,4912,2264,3644,7044,4027,65941
Vilaplana,281,13,12,14,11,55,630
Vila-rodona,476,62,34,30,35,54,1264
Vila-sacra,226,33,24,2,73,15,681
Vila-sana,291,11,21,12,41,29,706
Vila-seca,2276,1733,1156,906,3874,428,21923
Vilassar de Dalt,3127,437,389,287,643,566,8882
Vilassar de Mar,6586,881,728,810,1919,1288,20185
Vilaür,67,1,4,3,1,15,153
Vilaverd,177,14,10,11,30,39,487
"Vilella Alta, la",33,3,2,1,0,41,129
"Vilella Baixa, la",96,3,3,2,2,10,202
Vilobí del Penedès,495,37,20,18,35,73,1090
Vilobí d'Onyar,1339,69,75,65,165,148,3136
Vilopriu,71,3,4,7,4,28,209
"Vilosell, el",113,1,4,7,6,10,188
Vimbodí i Poblet,489,28,20,23,31,51,964
Vinaixa,213,26,19,13,26,46,546
Vinebre,163,13,12,8,23,27,449
Vinyols i els Arcs,535,104,76,51,167,75,1872
Viver i Serrateix,99,4,1,0,0,12,174
Xerta,472,65,42,27,59,87,1250
